[
    {
        "picture": "http://placehold.it/32x32", 
        "about": "Et aliquip cupidatat nisi et amet anim excepteur. Ea aliqua nulla ea ex do non Lorem. Est ipsum sit ut Lorem in reprehenderit dolore irure sunt esse exercitation minim proident. Id deserunt cillum laborum amet laboris Lorem magna laborum ex esse cillum. Amet sunt ea pariatur reprehenderit occaecat amet.\r\n", 
        "guid": "6df1a555-ae2b-40e1-bc17-d031cf472ba8", 
        "name": "Roberta Ware", 
        "randomArrayItem": "lemon", 
        "tags": [
            "laboris", 
            "veniam", 
            "magna", 
            "cupidatat", 
            "mollit", 
            "est", 
            "non"
        ], 
        "gender": "female", 
        "age": 34, 
        "friends": [
            {
                "id": 0, 
                "name": "Durham Woods"
            }, 
            {
                "id": 1, 
                "name": "Bruce Parker"
            }, 
            {
                "id": 2, 
                "name": "Bolton Berry"
            }
        ], 
        "registered": "2008-12-31T12:47:08 -06:-30", 
        "longitude": 168.46977899999999, 
        "email": "robertaware@entroflex.com", 
        "phone": "+1 (892) 595-2438", 
        "address": "974 Amity Street, Draper, Hawaii, 9010", 
        "latitude": -38.738757, 
        "balance": "$1,948.00", 
        "company": "Entroflex", 
        "id": 0, 
        "isActive": false
    }, 
    {
        "picture": "http://placehold.it/32x32", 
        "about": "Eu consequat officia qui est aliquip tempor consequat labore. Nostrud anim amet ad nostrud consequat ea ex ex ea elit. Qui nisi exercitation pariatur sunt voluptate ea dolore occaecat exercitation laboris incididunt. Minim et Lorem culpa elit eiusmod laboris. Irure ipsum labore pariatur proident. Enim culpa eiusmod minim veniam esse cillum nostrud tempor sit exercitation nostrud voluptate.\r\n", 
        "guid": "dc5143e3-0ba5-4f98-b2e5-0eb5a6d41efb", 
        "name": "Hunter Dotson", 
        "randomArrayItem": "apple", 
        "tags": [
            "enim", 
            "id", 
            "ad", 
            "ea", 
            "non", 
            "amet", 
            "adipisicing"
        ], 
        "gender": "male", 
        "age": 37, 
        "friends": [
            {
                "id": 0, 
                "name": "Clay Beasley"
            }, 
            {
                "id": 1, 
                "name": "Vazquez Alvarez"
            }, 
            {
                "id": 2, 
                "name": "Noelle Roy"
            }
        ], 
        "registered": "2001-10-27T13:44:23 -06:-30", 
        "longitude": 46.600599000000003, 
        "email": "hunterdotson@magmina.com", 
        "phone": "+1 (843) 600-3768", 
        "address": "546 Falmouth Street, Roulette, New Jersey, 1528", 
        "latitude": -3.8760110000000001, 
        "balance": "$2,587.00", 
        "company": "Magmina", 
        "id": 1, 
        "isActive": true
    }, 
    {
        "picture": "http://placehold.it/32x32", 
        "about": "Pariatur esse aute et ex. Minim labore sint sunt est consequat irure sit ad et anim pariatur. Enim laboris Lorem qui nulla elit ipsum ullamco dolore consectetur. Voluptate tempor ex veniam ipsum Lorem. Exercitation voluptate proident est officia enim.\r\n", 
        "guid": "71ff0b78-6d2f-4bac-ab39-1d0249ea6061", 
        "name": "Katina Bryan", 
        "randomArrayItem": "cherry", 
        "tags": [
            "nostrud", 
            "laboris", 
            "quis", 
            "mollit", 
            "quis", 
            "officia", 
            "quis"
        ], 
        "gender": "female", 
        "age": 35, 
        "friends": [
            {
                "id": 0, 
                "name": "Rae Hester"
            }, 
            {
                "id": 1, 
                "name": "Josefa Byers"
            }, 
            {
                "id": 2, 
                "name": "Nolan Buckley"
            }
        ], 
        "registered": "1988-08-23T14:19:02 -06:-30", 
        "longitude": 49.124426999999997, 
        "email": "katinabryan@comtrek.com", 
        "phone": "+1 (822) 579-3780", 
        "address": "307 Cumberland Street, Garberville, Kansas, 9791", 
        "latitude": -69.234508000000005, 
        "balance": "$2,818.00", 
        "company": "Comtrek", 
        "id": 2, 
        "isActive": true
    }, 
    {
        "picture": "http://placehold.it/32x32", 
        "about": "Lorem esse exercitation quis enim irure dolore cupidatat magna eiusmod duis. Laborum et aliqua Lorem cupidatat. Aliquip ut fugiat proident incididunt sint ex commodo. Cillum culpa minim fugiat dolor labore consectetur amet. Laborum officia proident id aliqua nisi cupidatat.\r\n", 
        "guid": "6ab2d74b-149b-4999-9740-c0a2b06b2a44", 
        "name": "Richmond Kinney", 
        "randomArrayItem": "apple", 
        "tags": [
            "ex", 
            "minim", 
            "ipsum", 
            "nostrud", 
            "ea", 
            "excepteur", 
            "amet"
        ], 
        "gender": "male", 
        "age": 32, 
        "friends": [
            {
                "id": 0, 
                "name": "Manning Gibson"
            }, 
            {
                "id": 1, 
                "name": "Dixon Mcleod"
            }, 
            {
                "id": 2, 
                "name": "Hester Summers"
            }
        ], 
        "registered": "1988-11-10T06:50:25 -06:-30", 
        "longitude": -136.48837499999999, 
        "email": "richmondkinney@duflex.com", 
        "phone": "+1 (874) 577-3244", 
        "address": "812 Albemarle Terrace, Valmy, Illinois, 8360", 
        "latitude": 46.359513, 
        "balance": "$3,176.00", 
        "company": "Duflex", 
        "id": 3, 
        "isActive": true
    }, 
    {
        "picture": "http://placehold.it/32x32", 
        "about": "In irure labore exercitation laborum in occaecat deserunt irure mollit laboris. Reprehenderit culpa est nisi tempor. Laborum id do fugiat tempor irure aliqua mollit nulla ex do fugiat nisi esse. Aliqua exercitation aute do minim et ullamco minim dolore. Exercitation nisi nostrud do consequat consectetur nulla dolore fugiat id.\r\n", 
        "guid": "9602b5e6-917a-46c1-98c6-1048f15c6e5a", 
        "name": "Ingram Dudley", 
        "randomArrayItem": "apple", 
        "tags": [
            "dolor", 
            "voluptate", 
            "officia", 
            "amet", 
            "commodo", 
            "esse", 
            "incididunt"
        ], 
        "gender": "male", 
        "age": 40, 
        "friends": [
            {
                "id": 0, 
                "name": "Alana Hayes"
            }, 
            {
                "id": 1, 
                "name": "Debora Tanner"
            }, 
            {
                "id": 2, 
                "name": "Powell Baird"
            }
        ], 
        "registered": "1992-08-01T19:58:17 -06:-30", 
        "longitude": -26.720708999999999, 
        "email": "ingramdudley@austex.com", 
        "phone": "+1 (947) 492-3199", 
        "address": "638 Miller Avenue, Machias, Ohio, 1312", 
        "latitude": 62.879482000000003, 
        "balance": "$3,261.00", 
        "company": "Austex", 
        "id": 4, 
        "isActive": false
    }, 
    {
        "picture": "http://placehold.it/32x32", 
        "about": "Esse culpa cupidatat velit id sit proident consectetur eu. Voluptate aliquip velit ullamco incididunt tempor est sint sint proident commodo culpa. Fugiat excepteur consequat anim dolore sunt elit eiusmod exercitation et nostrud occaecat in.\r\n", 
        "guid": "fd2d2084-f198-4d15-859c-5b25f6c13bde", 
        "name": "Raquel Pearson", 
        "randomArrayItem": "apple", 
        "tags": [
            "mollit", 
            "tempor", 
            "veniam", 
            "pariatur", 
            "sunt", 
            "excepteur", 
            "commodo"
        ], 
        "gender": "female", 
        "age": 28, 
        "friends": [
            {
                "id": 0, 
                "name": "Cervantes Levine"
            }, 
            {
                "id": 1, 
                "name": "Shannon Keith"
            }, 
            {
                "id": 2, 
                "name": "Case Mullen"
            }
        ], 
        "registered": "1993-02-27T23:44:34 -06:-30", 
        "longitude": -132.424623, 
        "email": "raquelpearson@biospan.com", 
        "phone": "+1 (998) 509-2620", 
        "address": "953 Stratford Road, Yogaville, Wyoming, 9844", 
        "latitude": 37.332968999999999, 
        "balance": "$3,772.00", 
        "company": "Biospan", 
        "id": 5, 
        "isActive": false
    }
]